"번호","지역","상호","주소","기간","상표","셀프여부","고급휘발유","휘발유","경유","실내등유"
"기준 : 월간(202509~202510)"
"A0009024","경기 화성시","(주)구구에너지 89주유소","경기 화성시 우정읍 포승향남로 1129","2025년 09월","SK에너지","셀프","0.00","1619.00","1479.00","1300.00"
"A0009024","경기 화성시","(주)구구에너지 89주유소","경기 화성시 우정읍 포승향남로 1129","2025년 10월","SK에너지","셀프","0.00","1616.42","1480.26","1298.28"
"A0008995","경기 화성시","(주)구구에너지 99주유소","경기도 화성시 팔탄면 포승향남로 2978","2025년 09월","SK에너지","셀프","0.00","1615.00","1477.33","0.00"
"A0008995","경기 화성시","(주)구구에너지 99주유소","경기도 화성시 팔탄면 포승향남로 2978","2025년 10월","SK에너지","셀프","0.00","1615.00","1481.52","1500.00"
"A0008978","경기 화성시","(주)구구에너지직영 88주유소","경기 화성시 향남읍 삼천병마로 276","2025년 09월","SK에너지","셀프","0.00","1601.97","1476.07","1406.67"
"A0008978","경기 화성시","(주)구구에너지직영 88주유소","경기 화성시 향남읍 삼천병마로 276","2025년 10월","SK에너지","셀프","0.00","1612.35","1479.84","1411.29"
"A0033207","경기 화성시","(주)남경석유 길벗주유소","경기 화성시 봉담읍 삼천병마로 1133","2025년 09월","SK에너지","셀프","0.00","1619.00","1469.00","0.00"
"A0033207","경기 화성시","(주)남경석유 길벗주유소","경기 화성시 봉담읍 삼천병마로 1133","2025년 10월","SK에너지","셀프","0.00","1623.57","1476.00","0.00"
"A0004218","경기 화성시","(주)뉴타운에너지 주유소","경기 화성시 경기대로 1106 (진안동)","2025년 09월","SK에너지","셀프","0.00","1629.00","1509.00","0.00"
"A0004218","경기 화성시","(주)뉴타운에너지 주유소","경기 화성시 경기대로 1106 (진안동)","2025년 10월","SK에너지","셀프","0.00","1642.90","1535.87","0.00"
"A0005662","경기 화성시","(주)동우에너지 판다주유소","경기 화성시 남양읍 화성로 1420","2025년 09월","S-OIL","셀프","0.00","1620.00","1482.00","0.00"
"A0005662","경기 화성시","(주)동우에너지 판다주유소","경기 화성시 남양읍 화성로 1420","2025년 10월","S-OIL","셀프","0.00","1618.94","1488.29","0.00"
"A0009023","경기 화성시","(주)디오티디 화성외계인주유소","경기 화성시 매송면 매송고색로 376","2025년 09월","S-OIL","셀프","0.00","1609.00","1469.00","0.00"
"A0009023","경기 화성시","(주)디오티디 화성외계인주유소","경기 화성시 매송면 매송고색로 376","2025년 10월","S-OIL","셀프","0.00","1616.10","1479.65","0.00"
"A0033568","경기 화성시","(주)비봉I.C셀프주유소","경기 화성시 비봉면 화성로 1940","2025년 09월","S-OIL","셀프","0.00","1609.00","1469.00","0.00"
"A0033568","경기 화성시","(주)비봉I.C셀프주유소","경기 화성시 비봉면 화성로 1940","2025년 10월","S-OIL","셀프","0.00","1611.58","1477.39","0.00"
"A0002009","경기 화성시","(주)서진주유소 화성지점 공단주유소","경기 화성시 정남면 발안로 1059","2025년 09월","SK에너지","셀프","0.00","1639.33","1490.53","1250.00"
"A0002009","경기 화성시","(주)서진주유소 화성지점 공단주유소","경기 화성시 정남면 발안로 1059","2025년 10월","SK에너지","셀프","0.00","1648.68","1513.97","1250.00"
"A0002704","경기 화성시","(주)송림에너지주유소","경기 화성시 우정읍 한말길 5","2025년 09월","SK에너지","셀프","0.00","1695.00","1624.43","1300.00"
"A0002704","경기 화성시","(주)송림에너지주유소","경기 화성시 우정읍 한말길 5","2025년 10월","SK에너지","셀프","0.00","1695.00","1640.55","1300.00"
"A0009021","경기 화성시","(주)신영광셀프주유소","경기 화성시 남양읍 화성로 1515 (북양동)","2025년 09월","GS칼텍스","셀프","0.00","1608.00","1468.00","1300.00"
"A0009021","경기 화성시","(주)신영광셀프주유소","경기 화성시 남양읍 화성로 1515 (북양동)","2025년 10월","GS칼텍스","셀프","0.00","1610.58","1477.03","1300.00"
"A0002382","경기 화성시","(주)신화성주유소","경기 화성시 우정읍 포승향남로 1552","2025년 09월","알뜰주유소","셀프","0.00","1609.33","1436.87","0.00"
"A0002382","경기 화성시","(주)신화성주유소","경기 화성시 우정읍 포승향남로 1552","2025년 10월","알뜰주유소","셀프","0.00","1606.42","1446.23","0.00"
"A0002732","경기 화성시","(주)앨림하이오일주유소","경기 화성시 봉담읍 삼천병마로 1136","2025년 09월","S-OIL","셀프","0.00","1623.00","1499.00","1329.00"
"A0002732","경기 화성시","(주)앨림하이오일주유소","경기 화성시 봉담읍 삼천병마로 1136","2025년 10월","S-OIL","셀프","0.00","1634.16","1505.45","1329.00"
"A0002733","경기 화성시","(주)영광주유소","경기 화성시 효행로 1144 (병점동)","2025년 09월","HD현대오일뱅크","셀프","0.00","1691.00","1589.33","0.00"
"A0002733","경기 화성시","(주)영광주유소","경기 화성시 효행로 1144 (병점동)","2025년 10월","HD현대오일뱅크","셀프","0.00","1678.55","1598.00","1390.00"
"A0002467","경기 화성시","(주)융건주유소","경기 화성시 효행로481번길 14 (안녕동)","2025년 09월","S-OIL","셀프","0.00","1622.00","1489.00","0.00"
"A0002467","경기 화성시","(주)융건주유소","경기 화성시 효행로481번길 14 (안녕동)","2025년 10월","S-OIL","셀프","0.00","1625.13","1507.39","0.00"
"A0007422","경기 화성시","(주)일광에너비스 제1주유소","경기 화성시 효행로 420 (안녕동)","2025년 09월","GS칼텍스","일반","0.00","1610.33","1480.67","0.00"
"A0007422","경기 화성시","(주)일광에너비스 제1주유소","경기 화성시 효행로 420 (안녕동)","2025년 10월","GS칼텍스","일반","0.00","1620.94","1502.84","0.00"
"A0002064","경기 화성시","(주)장안셀프주유소","경기 화성시 장안면 포승향남로 2142","2025년 09월","GS칼텍스","셀프","0.00","1628.00","1497.00","0.00"
"A0002064","경기 화성시","(주)장안셀프주유소","경기 화성시 장안면 포승향남로 2142","2025년 10월","GS칼텍스","셀프","0.00","1629.80","1513.00","0.00"
"A0002257","경기 화성시","(주)정도인더스트리 주유소","경기 화성시 남양읍 현대기아로 394","2025년 09월","SK에너지","일반","0.00","1829.00","1699.00","1555.64"
"A0002257","경기 화성시","(주)정도인더스트리 주유소","경기 화성시 남양읍 현대기아로 394","2025년 10월","SK에너지","일반","0.00","1829.00","1699.00","1639.00"
"A0002543","경기 화성시","(주)충만에너지","경기 화성시 양감면 은행나무로 234","2025년 09월","SK에너지","일반","0.00","1678.67","1587.33","1450.00"
"A0002543","경기 화성시","(주)충만에너지","경기 화성시 양감면 은행나무로 234","2025년 10월","SK에너지","일반","0.00","1684.77","1588.00","1383.33"
"A0009729","경기 화성시","(주)태화유업 병점주유소","경기 화성시 떡전골로 148","2025년 09월","HD현대오일뱅크","일반","0.00","1698.00","1573.67","1390.00"
"A0009729","경기 화성시","(주)태화유업 병점주유소","경기 화성시 떡전골로 148","2025년 10월","HD현대오일뱅크","일반","0.00","1700.71","1581.45","1400.00"
"A0021087","경기 화성시","(주)화성홈런주유소","경기 화성시 정남면 서봉로 863","2025년 09월","HD현대오일뱅크","셀프","0.00","1594.87","1467.00","0.00"
"A0021087","경기 화성시","(주)화성홈런주유소","경기 화성시 정남면 서봉로 863","2025년 10월","HD현대오일뱅크","셀프","0.00","1630.55","1498.81","1490.00"
"A0002585","경기 화성시","39라인주유소","경기 화성시 향남읍 서해로 806","2025년 09월","GS칼텍스","셀프","0.00","1647.07","1526.47","1570.00"
"A0002585","경기 화성시","39라인주유소","경기 화성시 향남읍 서해로 806","2025년 10월","GS칼텍스","셀프","0.00","1645.00","1525.00","1570.00"
"A0002480","경기 화성시","815GS주유소","경기 화성시 정조로 139 (반정동)","2025년 09월","GS칼텍스","셀프","0.00","1658.00","1528.00","1470.00"
"A0002480","경기 화성시","815GS주유소","경기 화성시 정조로 139 (반정동)","2025년 10월","GS칼텍스","셀프","0.00","1659.00","1529.00","1470.00"
"A0002143","경기 화성시","815주유소","경기 화성시 봉담읍 기배로30번길 36","2025년 09월","SK에너지","일반","1910.00","1611.00","1469.67","0.00"
"A0002143","경기 화성시","815주유소","경기 화성시 봉담읍 기배로30번길 36","2025년 10월","SK에너지","일반","1910.00","1621.97","1503.71","1315.00"
"A0008992","경기 화성시","BK부광주유소","경기 화성시 비봉면 비봉로 477","2025년 09월","SK에너지","셀프","0.00","1609.33","1496.00","0.00"
"A0008992","경기 화성시","BK부광주유소","경기 화성시 비봉면 비봉로 477","2025년 10월","SK에너지","셀프","0.00","1605.32","1501.42","0.00"
"A0002539","경기 화성시","CJ대한통운㈜ 힘찬주유소","경기 화성시 남양읍 온석길 15-2","2025년 09월","S-OIL","일반","0.00","1740.00","1630.00","1400.00"
"A0002539","경기 화성시","CJ대한통운㈜ 힘찬주유소","경기 화성시 남양읍 온석길 15-2","2025년 10월","S-OIL","일반","0.00","1729.66","1619.66","1400.00"
"A0032926","경기 화성시","GS 세마주유소","경기 화성시 만년로 889","2025년 09월","GS칼텍스","셀프","0.00","1618.33","1485.00","1510.00"
"A0032926","경기 화성시","GS 세마주유소","경기 화성시 만년로 889","2025년 10월","GS칼텍스","셀프","0.00","1629.84","1507.90","1510.00"
"A0005108","경기 화성시","HD현대오일뱅크㈜직영 능동셀프주유소","경기 화성시 북삼미로 261","2025년 09월","HD현대오일뱅크","셀프","2119.00","1627.27","1520.67","1499.00"
"A0005108","경기 화성시","HD현대오일뱅크㈜직영 능동셀프주유소","경기 화성시 북삼미로 261","2025년 10월","HD현대오일뱅크","셀프","2119.00","1634.00","1534.58","1499.00"
"A0033293","경기 화성시","HD현대오일뱅크㈜직영 동탄예일주유소","경기 화성시 경기동로 211 (장지동)","2025년 09월","HD현대오일뱅크","일반","0.00","1638.67","1537.77","0.00"
"A0033293","경기 화성시","HD현대오일뱅크㈜직영 동탄예일주유소","경기 화성시 경기동로 211 (장지동)","2025년 10월","HD현대오일뱅크","일반","0.00","1646.58","1541.58","0.00"
"A0002619","경기 화성시","HD현대오일뱅크㈜직영 동탄제일주유소","경기 화성시 효행로 1279 (반월동)","2025년 09월","HD현대오일뱅크","일반","1971.67","1681.67","1630.33","0.00"
"A0002619","경기 화성시","HD현대오일뱅크㈜직영 동탄제일주유소","경기 화성시 효행로 1279 (반월동)","2025년 10월","HD현대오일뱅크","일반","1926.42","1706.42","1646.42","0.00"
"A0002599","경기 화성시","HD현대오일뱅크㈜직영 동탄현대주유소","경기 화성시 효행로 1315 (반월동)","2025년 09월","HD현대오일뱅크","일반","2101.00","1681.67","1628.33","1500.00"
"A0002599","경기 화성시","HD현대오일뱅크㈜직영 동탄현대주유소","경기 화성시 효행로 1315 (반월동)","2025년 10월","HD현대오일뱅크","일반","2099.00","1706.74","1646.74","1500.00"
"A0002574","경기 화성시","HD현대오일뱅크㈜직영 봉담IC셀프주유소","경기 화성시 봉담읍 삼천병마로 1346","2025년 09월","HD현대오일뱅크","셀프","1902.07","1648.67","1568.00","0.00"
"A0002574","경기 화성시","HD현대오일뱅크㈜직영 봉담IC셀프주유소","경기 화성시 봉담읍 삼천병마로 1346","2025년 10월","HD현대오일뱅크","셀프","1905.81","1659.65","1584.81","0.00"
"A0002559","경기 화성시","HD현대오일뱅크㈜직영 봉담셀프주유소","경기 화성시 봉담읍 삼천병마로 862","2025년 09월","HD현대오일뱅크","셀프","1898.07","1627.87","1499.13","1449.00"
"A0002559","경기 화성시","HD현대오일뱅크㈜직영 봉담셀프주유소","경기 화성시 봉담읍 삼천병마로 862","2025년 10월","HD현대오일뱅크","셀프","1892.26","1647.39","1508.35","1432.87"
"A0002606","경기 화성시","HD현대오일뱅크㈜직영 비봉현대주유소","경기 화성시 비봉면 화성로 1589-1","2025년 09월","HD현대오일뱅크","일반","0.00","1817.00","1647.87","1408.00"
"A0002606","경기 화성시","HD현대오일뱅크㈜직영 비봉현대주유소","경기 화성시 비봉면 화성로 1589-1","2025년 10월","HD현대오일뱅크","일반","0.00","1808.45","1639.87","1408.00"
"A0002589","경기 화성시","HD현대오일뱅크㈜직영 태안현대주유소","경기 화성시 효행로 568 (안녕동)","2025년 09월","HD현대오일뱅크","셀프","1887.00","1633.90","1549.00","0.00"
"A0002589","경기 화성시","HD현대오일뱅크㈜직영 태안현대주유소","경기 화성시 효행로 568 (안녕동)","2025년 10월","HD현대오일뱅크","셀프","1887.00","1648.35","1559.32","0.00"
"A0007530","경기 화성시","HD현대오일뱅크㈜직영 프리미엄셀프주유소","경기 화성시 삼성1로 231 (석우동)","2025년 09월","HD현대오일뱅크","셀프","1889.00","1731.27","1587.00","0.00"
"A0007530","경기 화성시","HD현대오일뱅크㈜직영 프리미엄셀프주유소","경기 화성시 삼성1로 231 (석우동)","2025년 10월","HD현대오일뱅크","셀프","1890.16","1731.39","1584.39","0.00"
"A0008925","경기 화성시","HD현대오일뱅크㈜직영 화성제일주유소","경기 화성시 정남면 세자로 31","2025년 09월","HD현대오일뱅크","일반","0.00","1626.87","1491.27","1400.00"
"A0008925","경기 화성시","HD현대오일뱅크㈜직영 화성제일주유소","경기 화성시 정남면 세자로 31","2025년 10월","HD현대오일뱅크","일반","0.00","1641.97","1513.97","1400.00"
"A0009011","경기 화성시","KH에너지㈜직영 KH덕우주유소","경기 화성시 팔탄면 포승향남로 2298","2025년 09월","SK에너지","셀프","0.00","1625.00","1500.33","1400.00"
"A0009011","경기 화성시","KH에너지㈜직영 KH덕우주유소","경기 화성시 팔탄면 포승향남로 2298","2025년 10월","SK에너지","셀프","0.00","1619.19","1517.00","1400.00"
"A0002650","경기 화성시","KH에너지㈜직영 동탄맥주유소","경기 화성시 효행로 1260","2025년 09월","SK에너지","셀프","0.00","1695.33","1641.00","0.00"
"A0002650","경기 화성시","KH에너지㈜직영 동탄맥주유소","경기 화성시 효행로 1260","2025년 10월","SK에너지","셀프","0.00","1701.20","1647.00","0.00"
"A0002148","경기 화성시","SK KH에너지 화성주유소","경기 화성시 팔탄면 푸른들판로 918","2025년 09월","SK에너지","일반","0.00","1635.00","1500.33","1400.00"
"A0002148","경기 화성시","SK KH에너지 화성주유소","경기 화성시 팔탄면 푸른들판로 918","2025년 10월","SK에너지","일반","0.00","1618.29","1521.19","1400.00"
"A0002206","경기 화성시","SK기양주유소","경기 화성시 우정읍 기아자동차로 571","2025년 09월","SK에너지","셀프","1935.00","1675.00","1565.00","1250.00"
"A0002206","경기 화성시","SK기양주유소","경기 화성시 우정읍 기아자동차로 571","2025년 10월","SK에너지","셀프","1935.00","1675.00","1572.74","1250.00"
"A0009022","경기 화성시","SK대로셀프주유소","경기 화성시 남양읍 화성로 1229","2025년 09월","SK에너지","셀프","0.00","1612.67","1472.00","1350.00"
"A0009022","경기 화성시","SK대로셀프주유소","경기 화성시 남양읍 화성로 1229","2025년 10월","SK에너지","셀프","0.00","1617.94","1486.32","1350.00"
"A0008923","경기 화성시","SK대훈주유소","경기 화성시 남양읍 남양로 410","2025년 09월","SK에너지","셀프","0.00","1617.00","1487.80","1235.00"
"A0008923","경기 화성시","SK대훈주유소","경기 화성시 남양읍 남양로 410","2025년 10월","SK에너지","셀프","0.00","1624.42","1494.74","1200.00"
"A0002230","경기 화성시","SK서근주유소","경기 화성시 팔탄면 버들로 1231","2025년 09월","SK에너지","일반","0.00","1729.00","1599.00","0.00"
"A0002230","경기 화성시","SK서근주유소","경기 화성시 팔탄면 버들로 1231","2025년 10월","SK에너지","일반","0.00","1729.00","1599.00","0.00"
"A0002617","경기 화성시","SK에너지(주)솔빛나루주유소","경기 화성시 10용사로 650 (반송동)","2025년 09월","SK에너지","셀프","0.00","1663.00","1628.33","1590.00"
"A0002617","경기 화성시","SK에너지(주)솔빛나루주유소","경기 화성시 10용사로 650 (반송동)","2025년 10월","SK에너지","셀프","0.00","1659.32","1592.29","1546.45"
"A0002629","경기 화성시","SK에너지㈜ 동탄셀프주유소","경기 화성시 여울로3길 21 (능동)","2025년 09월","SK에너지","셀프","1899.00","1703.52","1694.52","0.00"
"A0002629","경기 화성시","SK에너지㈜ 동탄셀프주유소","경기 화성시 여울로3길 21 (능동)","2025년 10월","SK에너지","셀프","1899.00","1677.68","1653.10","0.00"
"A0001994","경기 화성시","SK향남주유소","경기 화성시 향남읍 서해로 430-9","2025년 09월","SK에너지","일반","0.00","1748.00","1598.00","1400.00"
"A0001994","경기 화성시","SK향남주유소","경기 화성시 향남읍 서해로 430-9","2025년 10월","SK에너지","일반","0.00","1748.00","1598.00","1400.00"
"A0033785","경기 화성시","㈜광동티엘에스 송산에너지","경기 화성시 송산면 삼존로 59","2025년 09월","SK에너지","셀프","0.00","1693.00","1534.33","0.00"
"A0033785","경기 화성시","㈜광동티엘에스 송산에너지","경기 화성시 송산면 삼존로 59","2025년 10월","SK에너지","셀프","0.00","1685.00","1492.58","0.00"
"A0008982","경기 화성시","㈜그린오일에너지","경기 화성시 우정읍 포승향남로 1207","2025년 09월","S-OIL","셀프","0.00","1638.33","1469.00","0.00"
"A0008982","경기 화성시","㈜그린오일에너지","경기 화성시 우정읍 포승향남로 1207","2025년 10월","S-OIL","셀프","0.00","1639.32","1479.32","0.00"
"A0002428","경기 화성시","㈜디이에이치오일포유(궁평항주유소)","경기 화성시 서신면 궁평항로 1146","2025년 09월","S-OIL","셀프","0.00","1688.00","1541.87","1256.25"
"A0002428","경기 화성시","㈜디이에이치오일포유(궁평항주유소)","경기 화성시 서신면 궁평항로 1146","2025년 10월","S-OIL","셀프","0.00","1688.00","1560.77","1237.93"
"A0009019","경기 화성시","㈜삼표산업 화성에너지","경기 화성시 비봉면 푸른들판로 1275","2025년 09월","HD현대오일뱅크","일반","0.00","1639.00","1599.00","0.00"
"A0009019","경기 화성시","㈜삼표산업 화성에너지","경기 화성시 비봉면 푸른들판로 1275","2025년 10월","HD현대오일뱅크","일반","0.00","1652.79","1601.22","0.00"
"A0006237","경기 화성시","㈜서강산업주유소","경기 화성시 정남면 서봉로 1036","2025년 09월","SK에너지","셀프","0.00","1622.40","1469.80","1230.00"
"A0006237","경기 화성시","㈜서강산업주유소","경기 화성시 정남면 서봉로 1036","2025년 10월","SK에너지","셀프","0.00","1638.55","1501.19","1200.00"
"A0001880","경기 화성시","㈜서석주유소","경기 화성시 장안면 포승향남로 1237","2025년 09월","HD현대오일뱅크","일반","0.00","1639.00","1489.00","0.00"
"A0001880","경기 화성시","㈜서석주유소","경기 화성시 장안면 포승향남로 1237","2025년 10월","HD현대오일뱅크","일반","0.00","1639.65","1489.65","0.00"
"A0002572","경기 화성시","㈜서정산업 주유소","경기 화성시 향남읍 3.1만세로 972","2025년 09월","HD현대오일뱅크","셀프","0.00","1609.67","1472.33","1350.00"
"A0002572","경기 화성시","㈜서정산업 주유소","경기 화성시 향남읍 3.1만세로 972","2025년 10월","HD현대오일뱅크","셀프","0.00","1614.74","1477.65","1350.00"
"A0033352","경기 화성시","㈜서정스타주유소 정남점","경기 화성시 정남면 세자로 257","2025년 09월","HD현대오일뱅크","셀프","0.00","1587.00","1467.00","0.00"
"A0033352","경기 화성시","㈜서정스타주유소 정남점","경기 화성시 정남면 세자로 257","2025년 10월","HD현대오일뱅크","셀프","0.00","1615.32","1486.94","0.00"
"A0002353","경기 화성시","㈜서정스타주유소 화성점","경기 화성시 봉담읍 세자로 352","2025년 09월","HD현대오일뱅크","셀프","1975.00","1603.00","1467.00","1500.00"
"A0002353","경기 화성시","㈜서정스타주유소 화성점","경기 화성시 봉담읍 세자로 352","2025년 10월","HD현대오일뱅크","셀프","1975.00","1618.87","1487.26","1500.00"
"A0033754","경기 화성시","㈜선도테크 회화로주유소","경기 화성시 양감면 정문회화로 41-1","2025년 09월","GS칼텍스","셀프","0.00","1676.00","1555.67","0.00"
"A0033754","경기 화성시","㈜선도테크 회화로주유소","경기 화성시 양감면 정문회화로 41-1","2025년 10월","GS칼텍스","셀프","0.00","1683.61","1556.77","0.00"
"A0002361","경기 화성시","㈜하이테크산업 화성주유소","경기 화성시 남양읍 주석로 353","2025년 09월","SK에너지","셀프","0.00","1606.13","1467.13","0.00"
"A0002361","경기 화성시","㈜하이테크산업 화성주유소","경기 화성시 남양읍 주석로 353","2025년 10월","SK에너지","셀프","0.00","1613.42","1478.94","0.00"
"A0002601","경기 화성시","㈜효창에너지직영3주유소","경기도 화성시 팔탄면 3.1만세로 784","2025년 09월","SK에너지","셀프","0.00","1610.67","1473.33","0.00"
"A0002601","경기 화성시","㈜효창에너지직영3주유소","경기도 화성시 팔탄면 3.1만세로 784","2025년 10월","SK에너지","셀프","0.00","1617.68","1489.61","0.00"
"A0002721","경기 화성시","㈜흥운 상기리주유소","경기 화성시 봉담읍 주석로 996","2025년 09월","S-OIL","일반","0.00","1695.00","1595.00","1500.00"
"A0002721","경기 화성시","㈜흥운 상기리주유소","경기 화성시 봉담읍 주석로 996","2025년 10월","S-OIL","일반","0.00","1695.00","1595.00","1500.00"
"A0002216","경기 화성시","가장공단주유소","경기 화성시 정남면 가장로 405","2025년 09월","HD현대오일뱅크","일반","0.00","1635.00","1495.00","0.00"
"A0002216","경기 화성시","가장공단주유소","경기 화성시 정남면 가장로 405","2025년 10월","HD현대오일뱅크","일반","0.00","1639.06","1502.26","0.00"
"A0002093","경기 화성시","강남주유소","경기 화성시 비봉면 화성로 1554","2025년 09월","SK에너지","일반","0.00","1646.33","1505.83","1350.00"
"A0002093","경기 화성시","강남주유소","경기 화성시 비봉면 화성로 1554","2025년 10월","SK에너지","일반","0.00","1639.65","1499.97","1350.00"
"A0033732","경기 화성시","거홍㈜ 초록로주유소","경기 화성시 양감면 초록로 612","2025년 09월","GS칼텍스","셀프","1899.00","1683.00","1563.00","1350.00"
"A0033732","경기 화성시","거홍㈜ 초록로주유소","경기 화성시 양감면 초록로 612","2025년 10월","GS칼텍스","셀프","1899.00","1683.26","1564.68","1350.00"
"A0009008","경기 화성시","거홍주유소 (주)","경기 화성시 양감면 은행나무로 389","2025년 09월","GS칼텍스","일반","1899.00","1659.00","1549.00","1370.00"
"A0009008","경기 화성시","거홍주유소 (주)","경기 화성시 양감면 은행나무로 389","2025년 10월","GS칼텍스","일반","1899.00","1659.00","1549.00","1370.00"
"A0002226","경기 화성시","경제주유소","경기 화성시 팔탄면 서해로 1130","2025년 09월","SK에너지","셀프","0.00","1638.67","1493.67","0.00"
"A0002251","경기 화성시","고지리주유소","경기 화성시 정남면 가장로 300","2025년 09월","GS칼텍스","일반","0.00","1698.00","1568.00","1450.00"
"A0002251","경기 화성시","고지리주유소","경기 화성시 정남면 가장로 300","2025년 10월","GS칼텍스","일반","0.00","1698.00","1568.65","1450.00"
"A0002367","경기 화성시","공룡주유소","경기 화성시 남양읍 시청로 270","2025년 09월","S-OIL","셀프","0.00","1629.00","1488.33","0.00"
"A0002367","경기 화성시","공룡주유소","경기 화성시 남양읍 시청로 270","2025년 10월","S-OIL","셀프","0.00","1646.45","1510.42","0.00"
"A0002010","경기 화성시","광평주유소","경기 화성시 서신면 제부로 724","2025년 09월","GS칼텍스","일반","0.00","1690.00","1587.50","1250.00"
"A0002010","경기 화성시","광평주유소","경기 화성시 서신면 제부로 724","2025년 10월","GS칼텍스","일반","0.00","1686.29","1583.23","1249.04"
"A0008935","경기 화성시","구도일주유소 상리","경기 화성시 봉담읍 삼천병마로 1129-18","2025년 09월","S-OIL","셀프","0.00","1620.67","1499.00","0.00"
"A0008935","경기 화성시","구도일주유소 상리","경기 화성시 봉담읍 삼천병마로 1129-18","2025년 10월","S-OIL","셀프","0.00","1633.19","1503.52","1410.00"
"A0009163","경기 화성시","구도일주유소 신흥","경기 화성시 팔탄면 서해로 1280","2025년 09월","S-OIL","셀프","0.00","1603.53","1466.33","1550.00"
"A0009163","경기 화성시","구도일주유소 신흥","경기 화성시 팔탄면 서해로 1280","2025년 10월","S-OIL","셀프","0.00","1599.52","1477.90","1450.00"
"A0002242","경기 화성시","구장주유소","경기 화성시 팔탄면 푸른들판로 639","2025년 09월","SK에너지","일반","0.00","1798.00","1698.00","1515.00"
"A0002242","경기 화성시","구장주유소","경기 화성시 팔탄면 푸른들판로 639","2025년 10월","SK에너지","일반","0.00","1798.00","1698.00","1543.55"
"A0002294","경기 화성시","그린주유소","경기 화성시 팔탄면 버들로 1315","2025년 09월","GS칼텍스","일반","0.00","1698.00","1558.00","1400.00"
"A0002294","경기 화성시","그린주유소","경기 화성시 팔탄면 버들로 1315","2025년 10월","GS칼텍스","일반","0.00","1698.00","1558.00","1400.00"
"A0002259","경기 화성시","그린화성주유소","경기 화성시 봉담읍 최루백로 260","2025년 09월","HD현대오일뱅크","일반","0.00","1768.00","1672.63","1500.00"
"A0002259","경기 화성시","그린화성주유소","경기 화성시 봉담읍 최루백로 260","2025년 10월","HD현대오일뱅크","일반","0.00","1788.00","1683.87","1500.00"
"A0001038","경기 화성시","금산주유소","경기 화성시 장안면 3.1만세로 501","2025년 09월","S-OIL","일반","0.00","1698.00","1568.00","1400.00"
"A0001038","경기 화성시","금산주유소","경기 화성시 장안면 3.1만세로 501","2025년 10월","S-OIL","일반","0.00","1698.00","1576.46","0.00"
"A0002423","경기 화성시","금영주유소","경기 화성시 서신면 궁평항로 1161","2025년 09월","GS칼텍스","일반","0.00","1698.00","1625.00","0.00"
"A0002423","경기 화성시","금영주유소","경기 화성시 서신면 궁평항로 1161","2025년 10월","GS칼텍스","일반","0.00","1772.07","1625.00","0.00"
"A0032864","경기 화성시","금탑셀프주유소","경기 화성시 비봉면 서해로 1692","2025년 09월","SK에너지","셀프","0.00","1620.00","1484.67","0.00"
"A0032864","경기 화성시","금탑셀프주유소","경기 화성시 비봉면 서해로 1692","2025년 10월","SK에너지","셀프","0.00","1617.61","1492.87","0.00"
"A0002265","경기 화성시","금호주유소","경기 화성시 향남읍 은행나무로 561-4","2025년 09월","GS칼텍스","일반","0.00","1659.00","1557.00","1301.67"
"A0002265","경기 화성시","금호주유소","경기 화성시 향남읍 은행나무로 561-4","2025년 10월","GS칼텍스","일반","0.00","1659.00","1557.71","1303.23"
"A0002703","경기 화성시","기아현대주유소","경기 화성시 우정읍 기아자동차로 386","2025년 09월","HD현대오일뱅크","셀프","0.00","1659.33","1550.00","0.00"
"A0002703","경기 화성시","기아현대주유소","경기 화성시 우정읍 기아자동차로 386","2025년 10월","HD현대오일뱅크","셀프","0.00","1659.32","1549.32","0.00"
"A0033339","경기 화성시","기안셀프주유소","경기 화성시 서부로 1343","2025년 09월","SK에너지","셀프","1868.00","1628.00","1488.00","0.00"
"A0033339","경기 화성시","기안셀프주유소","경기 화성시 서부로 1343","2025년 10월","SK에너지","셀프","1871.23","1631.23","1491.23","1500.00"
"A0002151","경기 화성시","기영주유소","경기 화성시 향남읍 은행나무로 627","2025년 09월","SK에너지","일반","0.00","1688.00","1563.67","1350.00"
"A0002151","경기 화성시","기영주유소","경기 화성시 향남읍 은행나무로 627","2025년 10월","SK에너지","일반","0.00","1688.00","1559.29","1350.00"
"A0009855","경기 화성시","남양대로주유소","경기 화성시 남양읍 화성로 1235","2025년 09월","HD현대오일뱅크","셀프","0.00","1611.53","1466.07","0.00"
"A0009855","경기 화성시","남양대로주유소","경기 화성시 남양읍 화성로 1235","2025년 10월","HD현대오일뱅크","셀프","0.00","1619.71","1503.39","0.00"
"A0002330","경기 화성시","남양신도시주유소","경기 화성시 남양읍 화성로 957","2025년 09월","GS칼텍스","셀프","0.00","1582.33","1447.00","1348.33"
"A0002330","경기 화성시","남양신도시주유소","경기 화성시 남양읍 화성로 957","2025년 10월","GS칼텍스","셀프","0.00","1597.23","1473.00","1287.74"
"A0002171","경기 화성시","노하공단주유소","경기 화성시 팔탄면 현대기아로 8","2025년 09월","SK에너지","일반","0.00","1759.00","1639.00","1448.21"
"A0002171","경기 화성시","노하공단주유소","경기 화성시 팔탄면 현대기아로 8","2025년 10월","SK에너지","일반","0.00","1762.23","1642.23","1432.26"
"A0002553","경기 화성시","대경TLS(주)대경주유소","경기 화성시 우정읍 남양만로 454","2025년 09월","SK에너지","일반","0.00","1685.20","1555.20","0.00"
"A0002553","경기 화성시","대경TLS(주)대경주유소","경기 화성시 우정읍 남양만로 454","2025년 10월","SK에너지","일반","0.00","1679.57","1545.29","0.00"
"A0008986","경기 화성시","대동에너지주유소","경기 화성시 양감면 은행나무로 442","2025년 09월","HD현대오일뱅크","셀프","0.00","1659.00","1533.00","1300.00"
"A0008986","경기 화성시","대동에너지주유소","경기 화성시 양감면 은행나무로 442","2025년 10월","HD현대오일뱅크","셀프","0.00","1659.00","1535.13","1300.00"
"A0032920","경기 화성시","대명에너지2","경기 화성시 정남면 만년로 778-5","2025년 09월","HD현대오일뱅크","셀프","0.00","1628.00","1488.00","0.00"
"A0032920","경기 화성시","대명에너지2","경기 화성시 정남면 만년로 778-5","2025년 10월","HD현대오일뱅크","셀프","0.00","1634.03","1509.84","0.00"
"A0002562","경기 화성시","대보유통㈜ 화성(상)주유소/충전소","경기 화성시 팔탄면 서해안고속도로 302-1","2025년 09월","알뜰(ex)","셀프","0.00","1604.30","1474.00","0.00"
"A0002562","경기 화성시","대보유통㈜ 화성(상)주유소/충전소","경기 화성시 팔탄면 서해안고속도로 302-1","2025년 10월","알뜰(ex)","셀프","0.00","1608.45","1481.42","0.00"
"A0002561","경기 화성시","대보유통㈜화성(하)목포방향","경기 화성시 팔탄면 서해안고속도로 301-1","2025년 09월","알뜰(ex)","셀프","0.00","1604.30","1474.00","0.00"
"A0002561","경기 화성시","대보유통㈜화성(하)목포방향","경기 화성시 팔탄면 서해안고속도로 301-1","2025년 10월","알뜰(ex)","셀프","0.00","1608.45","1481.42","0.00"
"A0011822","경기 화성시","대성유류판매(주)주유소","경기 화성시 우정읍 포승향남로 1208","2025년 09월","SK에너지","셀프","0.00","1619.00","1482.20","1236.21"
"A0011822","경기 화성시","대성유류판매(주)주유소","경기 화성시 우정읍 포승향남로 1208","2025년 10월","SK에너지","셀프","0.00","1616.10","1481.23","1200.00"
"A0033241","경기 화성시","대양석유(주)동탄드림주유소","경기도 화성시 동탄순환대로 731(영천동)","2025년 09월","SK에너지","셀프","0.00","1729.00","1594.00","0.00"
"A0033241","경기 화성시","대양석유(주)동탄드림주유소","경기도 화성시 동탄순환대로 731(영천동)","2025년 10월","SK에너지","셀프","0.00","1729.00","1594.00","0.00"
"A0005805","경기 화성시","대원주유소","경기 화성시 팔탄면 서해로 1322-3","2025년 09월","S-OIL","셀프","0.00","1599.00","1447.00","0.00"
"A0005805","경기 화성시","대원주유소","경기 화성시 팔탄면 서해로 1322-3","2025년 10월","S-OIL","셀프","0.00","1599.00","1449.90","0.00"
"A0002377","경기 화성시","덕성주유소","경기 화성시 팔탄면 버들로 1509","2025년 09월","HD현대오일뱅크","일반","0.00","1718.00","1588.00","1450.00"
"A0002377","경기 화성시","덕성주유소","경기 화성시 팔탄면 버들로 1509","2025년 10월","HD현대오일뱅크","일반","0.00","1718.00","1588.00","1450.00"
"A0002174","경기 화성시","덕우주유소","경기 화성시 팔탄면 온천로 127","2025년 09월","GS칼텍스","일반","0.00","1669.00","1512.33","1248.33"
"A0002174","경기 화성시","덕우주유소","경기 화성시 팔탄면 온천로 127","2025년 10월","GS칼텍스","일반","0.00","1659.97","1515.97","1230.65"
"A0002488","경기 화성시","동그라미주유소","경기 화성시 팔탄면 서해로 1380","2025년 09월","GS칼텍스","셀프","0.00","1599.00","1447.00","0.00"
"A0002488","경기 화성시","동그라미주유소","경기 화성시 팔탄면 서해로 1380","2025년 10월","GS칼텍스","셀프","0.00","1601.58","1450.87","0.00"
"A0002204","경기 화성시","동양산업(주)마도주유소","경기도 화성시 마도면 화성로 873","2025년 09월","GS칼텍스","셀프","0.00","1590.33","1451.33","0.00"
"A0002204","경기 화성시","동양산업(주)마도주유소","경기도 화성시 마도면 화성로 873","2025년 10월","GS칼텍스","셀프","0.00","1596.23","1472.77","0.00"
"A0031274","경기 화성시","동양산업㈜신덕우리주유소","경기 화성시 팔탄면 포승향남로 2295","2025년 09월","GS칼텍스","일반","0.00","1612.33","1475.00","1250.00"
"A0031274","경기 화성시","동양산업㈜신덕우리주유소","경기 화성시 팔탄면 포승향남로 2295","2025년 10월","GS칼텍스","일반","0.00","1617.58","1478.23","1250.00"
"A0002296","경기 화성시","동오주유소","경기 화성시 향남읍 발안로 451","2025년 09월","HD현대오일뱅크","일반","0.00","1699.00","1579.00","1350.00"
"A0002296","경기 화성시","동오주유소","경기 화성시 향남읍 발안로 451","2025년 10월","HD현대오일뱅크","일반","0.00","1699.00","1579.00","1350.00"
"A0033232","경기 화성시","동탄2주유소","경기 화성시 동탄대로 750 (영천동)","2025년 09월","GS칼텍스","셀프","0.00","1695.80","1585.47","0.00"
"A0033232","경기 화성시","동탄2주유소","경기 화성시 동탄대로 750 (영천동)","2025년 10월","GS칼텍스","셀프","0.00","1704.10","1584.10","0.00"
"A0033442","경기 화성시","동탄그린주유소","경기 화성시 동탄산단5길 10-44","2025년 09월","GS칼텍스","셀프","0.00","1626.67","1490.67","0.00"
"A0033442","경기 화성시","동탄그린주유소","경기 화성시 동탄산단5길 10-44","2025년 10월","GS칼텍스","셀프","0.00","1630.32","1498.65","0.00"
"A0007446","경기 화성시","동탄농협주유소","경기 화성시 삼성1로 196","2025년 09월","NH-OIL","셀프","0.00","1631.13","1505.00","1458.62"
"A0007446","경기 화성시","동탄농협주유소","경기 화성시 삼성1로 196","2025년 10월","NH-OIL","셀프","0.00","1637.23","1512.10","1412.90"
"A0002237","경기 화성시","동탄뉴타운주유소","경기 화성시 경기동로 234","2025년 09월","GS칼텍스","일반","1929.00","1689.00","1549.69","0.00"
"A0002237","경기 화성시","동탄뉴타운주유소","경기 화성시 경기동로 234","2025년 10월","GS칼텍스","일반","1938.00","1698.00","1570.33","0.00"
"A0033251","경기 화성시","동탄명품주유소","경기도 화성시 동탄신리천로 249(오산동)","2025년 09월","S-OIL","셀프","1927.00","1736.00","1597.00","0.00"
"A0033251","경기 화성시","동탄명품주유소","경기도 화성시 동탄신리천로 249(오산동)","2025년 10월","S-OIL","셀프","1927.00","1736.00","1597.00","0.00"
"A0032966","경기 화성시","동탄반월주유소","경기 화성시 동탄원천로 447 (반월동)","2025년 09월","SK에너지","셀프","0.00","1698.00","1629.00","1500.00"
"A0032966","경기 화성시","동탄반월주유소","경기 화성시 동탄원천로 447 (반월동)","2025년 10월","SK에너지","셀프","0.00","1697.00","1630.61","1500.00"
"A0002396","경기 화성시","동탄예운주유소","경기 화성시 경기동로 492 (장지동)","2025년 09월","HD현대오일뱅크","일반","0.00","1623.00","1483.00","1340.00"
"A0002396","경기 화성시","동탄예운주유소","경기 화성시 경기동로 492 (장지동)","2025년 10월","HD현대오일뱅크","일반","0.00","1625.14","1486.21","1313.21"
"A0007394","경기 화성시","동탄주유소","경기 화성시 10용사로 446","2025년 09월","GS칼텍스","셀프","1993.00","1731.00","1629.00","1450.00"
"A0007394","경기 화성시","동탄주유소","경기 화성시 10용사로 446","2025년 10월","GS칼텍스","셀프","1971.58","1721.58","1612.55","1450.00"
"A0002232","경기 화성시","동현주유소","경기 화성시 향남읍 3.1만세로 1015","2025년 09월","SK에너지","셀프","0.00","1668.00","1538.00","1350.00"
"A0002232","경기 화성시","동현주유소","경기 화성시 향남읍 3.1만세로 1015","2025년 10월","SK에너지","셀프","0.00","1668.00","1538.00","1350.00"
"A0002593","경기 화성시","동화주유소","경기 화성시 봉담읍 효행로 188","2025년 09월","SK에너지","일반","0.00","1745.67","1511.00","1430.00"
"A0002593","경기 화성시","동화주유소","경기 화성시 봉담읍 효행로 188","2025년 10월","SK에너지","일반","0.00","1780.29","1545.55","1430.00"
"A0033802","경기 화성시","로드801(ROAD801) 주식회사","경기도 화성시 남양읍 시청로 399","2025년 10월","S-OIL","셀프","1903.45","1611.73","1471.73","1290.67"
"A0005996","경기 화성시","마도IC주유소","경기 화성시 마도면 화성로 667","2025년 09월","S-OIL","셀프","0.00","1610.33","1473.10","1220.00"
"A0005996","경기 화성시","마도IC주유소","경기 화성시 마도면 화성로 667","2025년 10월","S-OIL","셀프","0.00","1616.94","1483.74","1220.00"
"A0000896","경기 화성시","마도농협쌍송점주유소","경기 화성시 마도면 마도공단로 149","2025년 09월","NH-OIL","셀프","0.00","1635.00","1495.00","1250.00"
"A0000896","경기 화성시","마도농협쌍송점주유소","경기 화성시 마도면 마도공단로 149","2025년 10월","NH-OIL","셀프","0.00","1636.29","1497.58","1252.58"
"A0002547","경기 화성시","마도농협주유소","경기 화성시 마도면 화성로 777","2025년 09월","NH-OIL","셀프","0.00","1635.00","1495.00","1250.00"
"A0002547","경기 화성시","마도농협주유소","경기 화성시 마도면 화성로 777","2025년 10월","NH-OIL","셀프","0.00","1636.29","1497.58","1252.58"
"A0009753","경기 화성시","마도알뜰주유소","경기 화성시 마도면 두곡서길 58","2025년 09월","알뜰주유소","셀프","0.00","1596.00","1462.67","0.00"
"A0009753","경기 화성시","마도알뜰주유소","경기 화성시 마도면 두곡서길 58","2025년 10월","알뜰주유소","셀프","0.00","1597.00","1477.77","0.00"
"A0002266","경기 화성시","만세주유소","경기 화성시 비봉면 푸른들판로 1133","2025년 09월","SK에너지","일반","0.00","1699.00","1580.33","1390.00"
"A0002266","경기 화성시","만세주유소","경기 화성시 비봉면 푸른들판로 1133","2025년 10월","SK에너지","일반","0.00","1699.00","1586.74","1390.00"
"A0033111","경기 화성시","매송주유소","경기 화성시 매송면 푸른들판로 1937","2025년 09월","S-OIL","셀프","0.00","1658.33","1530.00","1450.00"
"A0033111","경기 화성시","매송주유소","경기 화성시 매송면 푸른들판로 1937","2025년 10월","S-OIL","셀프","0.00","1658.23","1528.23","1450.00"
"A0033277","경기 화성시","매송주유소(목포방향)","경기 화성시 매송면 서해안고속도로 315-1","2025년 09월","알뜰(ex)","셀프","1998.00","1658.33","1524.83","0.00"
"A0033277","경기 화성시","매송주유소(목포방향)","경기 화성시 매송면 서해안고속도로 315-1","2025년 10월","알뜰(ex)","셀프","1998.00","1659.06","1526.00","0.00"
"A0033276","경기 화성시","매송주유소(서울방향)","경기 화성시 매송면 서해안고속도로 316-1","2025년 09월","알뜰(ex)","셀프","1998.00","1658.33","1524.83","0.00"
"A0033276","경기 화성시","매송주유소(서울방향)","경기 화성시 매송면 서해안고속도로 316-1","2025년 10월","알뜰(ex)","셀프","1998.00","1658.77","1526.00","0.00"
"A0002146","경기 화성시","매향주유소","경기 화성시 우정읍 기아자동차로 251","2025년 09월","GS칼텍스","일반","0.00","1668.67","1574.67","1300.00"
"A0002146","경기 화성시","매향주유소","경기 화성시 우정읍 기아자동차로 251","2025년 10월","GS칼텍스","일반","0.00","1664.65","1568.03","1300.00"
"A0006986","경기 화성시","매화주유소","경기 화성시 서신면 궁평항로 1679","2025년 09월","SK에너지","일반","0.00","1668.00","1538.00","1233.85"
"A0006986","경기 화성시","매화주유소","경기 화성시 서신면 궁평항로 1679","2025년 10월","SK에너지","일반","0.00","1668.00","1538.00","1200.00"
"A0002481","경기 화성시","미소주유소","경기 화성시 마도면 화성로 570","2025년 09월","HD현대오일뱅크","셀프","0.00","1608.83","1474.00","1205.33"
"A0002481","경기 화성시","미소주유소","경기 화성시 마도면 화성로 570","2025년 10월","HD현대오일뱅크","셀프","0.00","1615.97","1482.23","1225.81"
"A0021509","경기 화성시","민들레셀프주유소","경기 화성시 향남읍 발안만세길 156","2025년 09월","SK에너지","셀프","0.00","1639.00","1509.00","1350.00"
"A0021509","경기 화성시","민들레셀프주유소","경기 화성시 향남읍 발안만세길 156","2025년 10월","SK에너지","셀프","0.00","1639.00","1509.00","1350.00"
"A0012870","경기 화성시","발안고속주유소","경기 화성시 장안면 3.1만세로 562","2025년 09월","SK에너지","일반","0.00","1658.00","1528.00","1238.33"
"A0012870","경기 화성시","발안고속주유소","경기 화성시 장안면 3.1만세로 562","2025년 10월","SK에너지","일반","0.00","1656.39","1533.16","1200.00"
"A0002331","경기 화성시","발안주유소","경기 화성시 팔탄면 삼천병마로 355","2025년 09월","S-OIL","셀프","0.00","1600.27","1475.27","1350.00"
"A0002331","경기 화성시","발안주유소","경기 화성시 팔탄면 삼천병마로 355","2025년 10월","S-OIL","셀프","0.00","1607.65","1481.06","1298.74"
"A0007418","경기 화성시","백산주유소","경기 화성시 효행로 606","2025년 09월","S-OIL","셀프","0.00","1676.73","1545.00","0.00"
"A0007418","경기 화성시","백산주유소","경기 화성시 효행로 606","2025년 10월","S-OIL","셀프","0.00","1677.71","1562.42","0.00"
"A0033712","경기 화성시","봉담제일주유소","경기 화성시 봉담읍 상리중앙로 257","2025년 09월","S-OIL","셀프","0.00","1610.67","1485.00","0.00"
"A0033712","경기 화성시","봉담제일주유소","경기 화성시 봉담읍 상리중앙로 257","2025년 10월","S-OIL","셀프","0.00","1610.84","1487.90","0.00"
"A0002122","경기 화성시","비봉주유소","경기 화성시 비봉면 푸른들판로 1672","2025년 09월","GS칼텍스","일반","0.00","1605.67","1527.67","1250.00"
"A0002122","경기 화성시","비봉주유소","경기 화성시 비봉면 푸른들판로 1672","2025년 10월","GS칼텍스","일반","0.00","1617.76","1539.76","1250.00"
"A0002031","경기 화성시","사강주유소","경기 화성시 송산면 송산포도로 42","2025년 09월","HD현대오일뱅크","일반","0.00","1798.00","1658.00","1350.00"
"A0002031","경기 화성시","사강주유소","경기 화성시 송산면 송산포도로 42","2025년 10월","HD현대오일뱅크","일반","0.00","1798.00","1658.00","1350.00"
"A0002145","경기 화성시","사거리주유소","경기 화성시 우정읍 쌍봉로 418","2025년 09월","HD현대오일뱅크","일반","0.00","1799.00","1659.00","1300.00"
"A0002145","경기 화성시","사거리주유소","경기 화성시 우정읍 쌍봉로 418","2025년 10월","HD현대오일뱅크","일반","0.00","1799.00","1659.00","1300.00"
"A0000029","경기 화성시","사랑리주유소","경기 화성시 장안면 사랑길 80","2025년 09월","S-OIL","셀프","0.00","1659.33","1529.00","1220.00"
"A0000029","경기 화성시","사랑리주유소","경기 화성시 장안면 사랑길 80","2025년 10월","S-OIL","셀프","0.00","1661.06","1533.65","1203.87"
"A0033272","경기 화성시","삼미상사(주) 정남TG셀프주유소","경기 화성시 정남면 세자로 214","2025년 09월","SK에너지","셀프","0.00","1619.17","1478.17","0.00"
"A0033272","경기 화성시","삼미상사(주) 정남TG셀프주유소","경기 화성시 정남면 세자로 214","2025년 10월","SK에너지","셀프","0.00","1628.87","1493.39","0.00"
"A0002187","경기 화성시","삼우셀프주유소","경기 화성시 정남면 시청로 1601","2025년 09월","SK에너지","셀프","0.00","1659.00","1529.00","1450.00"
"A0002187","경기 화성시","삼우셀프주유소","경기 화성시 정남면 시청로 1601","2025년 10월","SK에너지","셀프","0.00","1663.19","1533.19","1450.00"
"A0002153","경기 화성시","상안주유소","경기 화성시 서신면 마도로 6","2025년 09월","SK에너지","일반","0.00","1679.00","1579.00","1256.96"
"A0002153","경기 화성시","상안주유소","경기 화성시 서신면 마도로 6","2025년 10월","SK에너지","일반","0.00","1679.00","1582.23","1258.06"
"A0016597","경기 화성시","서봉주유소","경기 화성시 향남읍 서봉로 745","2025년 09월","S-OIL","셀프","0.00","1591.60","1516.60","1232.00"
"A0016597","경기 화성시","서봉주유소","경기 화성시 향남읍 서봉로 745","2025년 10월","S-OIL","셀프","0.00","1629.58","1547.58","1200.00"
"A0009009","경기 화성시","서신농협주유소","경기 화성시 서신면 궁평항로 1705","2025년 09월","NH-OIL","셀프","0.00","1654.00","1498.17","1238.00"
"A0009009","경기 화성시","서신농협주유소","경기 화성시 서신면 궁평항로 1705","2025년 10월","NH-OIL","셀프","0.00","1635.00","1495.00","1200.00"
"A0002274","경기 화성시","서신주유소","경기 화성시 서신면 매화3길 10","2025년 09월","HD현대오일뱅크","일반","0.00","1677.00","1575.00","1300.00"
"A0002274","경기 화성시","서신주유소","경기 화성시 서신면 매화3길 10","2025년 10월","HD현대오일뱅크","일반","0.00","1677.00","1575.39","1300.00"
"A0009002","경기 화성시","서진주유소","경기 화성시 팔탄면 삼천병마로 568","2025년 09월","GS칼텍스","셀프","1859.00","1599.00","1475.00","1290.00"
"A0009002","경기 화성시","서진주유소","경기 화성시 팔탄면 삼천병마로 568","2025년 10월","GS칼텍스","셀프","1859.65","1599.97","1475.77","1290.00"
"A0002333","경기 화성시","서진주유소 향남점 (주)논산얀마","경기 화성시 팔탄면 삼천병마로 563","2025년 09월","GS칼텍스","셀프","0.00","1599.00","1475.00","1269.00"
"A0002333","경기 화성시","서진주유소 향남점 (주)논산얀마","경기 화성시 팔탄면 삼천병마로 563","2025년 10월","GS칼텍스","셀프","0.00","1599.97","1475.77","1226.71"
"A0009006","경기 화성시","서해로셀프주유소 ㈜삼호에너지","경기 화성시 팔탄면 서해로 962","2025년 09월","SK에너지","셀프","1992.67","1602.67","1451.33","0.00"
"A0009006","경기 화성시","서해로셀프주유소 ㈜삼호에너지","경기 화성시 팔탄면 서해로 962","2025년 10월","SK에너지","셀프","1989.00","1614.48","1477.58","0.00"
"A0032865","경기 화성시","서해현대셀프주유소","경기 화성시 매송면 매송고색로 109","2025년 09월","HD현대오일뱅크","셀프","1889.00","1619.00","1479.33","0.00"
"A0032865","경기 화성시","서해현대셀프주유소","경기 화성시 매송면 매송고색로 109","2025년 10월","HD현대오일뱅크","셀프","1889.00","1620.94","1482.87","0.00"
"A0007231","경기 화성시","석포주유소","경기 화성시 장안면 버들로 1244","2025년 09월","HD현대오일뱅크","셀프","0.00","1715.00","1595.00","1450.00"
"A0007231","경기 화성시","석포주유소","경기 화성시 장안면 버들로 1244","2025년 10월","HD현대오일뱅크","셀프","0.00","1715.00","1595.00","1450.00"
"A0002086","경기 화성시","소방주유소","경기 화성시 향남읍 발안만세길 47","2025년 09월","S-OIL","일반","0.00","1681.33","1553.00","1400.00"
"A0002086","경기 화성시","소방주유소","경기 화성시 향남읍 발안만세길 47","2025년 10월","S-OIL","일반","0.00","1684.81","1555.77","1400.00"
"A0009013","경기 화성시","송산(시흥방향)주유소","경기 화성시 송산면 평택시흥고속도로 25","2025년 09월","자가상표","일반","0.00","1651.37","1498.53","0.00"
"A0009013","경기 화성시","송산(시흥방향)주유소","경기 화성시 송산면 평택시흥고속도로 25","2025년 10월","자가상표","일반","0.00","1639.68","1496.52","0.00"
"A0009012","경기 화성시","송산(평택방향)주유소","경기 화성시 송산면 평택시흥고속도로 25","2025년 09월","자가상표","일반","0.00","1651.37","1498.53","0.00"
"A0009012","경기 화성시","송산(평택방향)주유소","경기 화성시 송산면 평택시흥고속도로 25","2025년 10월","자가상표","일반","0.00","1639.71","1496.52","0.00"
"A0009007","경기 화성시","송산그린주유소","경기 화성시 송산면 화성로 246","2025년 09월","SK에너지","셀프","0.00","1646.80","1497.00","0.00"
"A0009007","경기 화성시","송산그린주유소","경기 화성시 송산면 화성로 246","2025년 10월","SK에너지","셀프","0.00","1648.29","1502.81","0.00"
"A0008934","경기 화성시","수노을주유소","경기 화성시 화성로 362","2025년 09월","GS칼텍스","셀프","0.00","1677.00","1574.33","1420.00"
"A0008934","경기 화성시","수노을주유소","경기 화성시 화성로 362","2025년 10월","GS칼텍스","셀프","0.00","1677.00","1571.84","1450.00"
"A0002271","경기 화성시","슈퍼맨주유소","경기 화성시 향남읍 발안로 392","2025년 09월","HD현대오일뱅크","셀프","0.00","1608.00","1479.00","0.00"
"A0002271","경기 화성시","슈퍼맨주유소","경기 화성시 향남읍 발안로 392","2025년 10월","HD현대오일뱅크","셀프","0.00","1618.35","1489.97","0.00"
"A0008967","경기 화성시","스마일주유소","경기 화성시 장안면 수정로 265","2025년 09월","SK에너지","일반","0.00","1647.00","1487.00","1380.00"
"A0008967","경기 화성시","스마일주유소","경기 화성시 장안면 수정로 265","2025년 10월","SK에너지","일반","0.00","1647.00","1503.13","1380.00"
"A0002156","경기 화성시","스타주유소","경기 화성시 정남면 서봉로 1061","2025년 09월","HD현대오일뱅크","셀프","0.00","1622.00","1467.00","0.00"
"A0002156","경기 화성시","스타주유소","경기 화성시 정남면 서봉로 1061","2025년 10월","HD현대오일뱅크","셀프","0.00","1636.29","1494.16","0.00"
"A0006935","경기 화성시","승보스타주유소","경기 화성시 장안면 수정로 113","2025년 09월","S-OIL","일반","1978.00","1698.00","1599.00","1400.00"
"A0006935","경기 화성시","승보스타주유소","경기 화성시 장안면 수정로 113","2025년 10월","S-OIL","일반","1978.00","1698.00","1599.00","1400.00"
"A0033744","경기 화성시","승하셀프주유소","경기 화성시 향남읍 향남로 150","2025년 09월","HD현대오일뱅크","셀프","1930.00","1627.67","1497.67","0.00"
"A0033744","경기 화성시","승하셀프주유소","경기 화성시 향남읍 향남로 150","2025년 10월","HD현대오일뱅크","셀프","1930.65","1629.32","1500.61","0.00"
"A0009000","경기 화성시","신기알뜰주유소","경기 화성시 남양읍 화성로 1472","2025년 09월","알뜰주유소","셀프","0.00","1610.67","1472.33","0.00"
"A0009000","경기 화성시","신기알뜰주유소","경기 화성시 남양읍 화성로 1472","2025년 10월","알뜰주유소","셀프","0.00","1610.55","1479.58","0.00"
"A0002364","경기 화성시","신남스타주유소","경기 화성시 남양읍 남양로 409","2025년 09월","GS칼텍스","셀프","1988.00","1648.00","1498.00","1390.00"
"A0002364","경기 화성시","신남스타주유소","경기 화성시 남양읍 남양로 409","2025년 10월","GS칼텍스","셀프","1988.00","1644.45","1498.00","1390.00"
"A0002201","경기 화성시","신남직영주유소","경기 화성시 남양읍 남양로 581","2025년 09월","HD현대오일뱅크","셀프","0.00","1621.50","1488.60","0.00"
"A0002201","경기 화성시","신남직영주유소","경기 화성시 남양읍 남양로 581","2025년 10월","HD현대오일뱅크","셀프","0.00","1629.26","1503.00","0.00"
"A0002116","경기 화성시","신성주유소","경기 화성시 마도면 화성로 930","2025년 09월","SK에너지","셀프","0.00","1639.67","1518.67","1400.00"
"A0002116","경기 화성시","신성주유소","경기 화성시 마도면 화성로 930","2025년 10월","SK에너지","셀프","0.00","1649.00","1539.90","1384.00"
"A0001988","경기 화성시","쌍용주유소","경기 화성시 향남읍 발안로 724","2025년 09월","S-OIL","일반","1895.00","1677.33","1549.67","1363.33"
"A0001988","경기 화성시","쌍용주유소","경기 화성시 향남읍 발안로 724","2025년 10월","S-OIL","일반","1907.90","1692.10","1572.10","1371.29"
"A0002125","경기 화성시","쌍학주유소","경기 화성시 비봉면 화성로 2087","2025년 09월","GS칼텍스","셀프","0.00","1609.00","1469.00","1250.00"
"A0002125","경기 화성시","쌍학주유소","경기 화성시 비봉면 화성로 2087","2025년 10월","GS칼텍스","셀프","0.00","1612.23","1476.74","1250.00"
"A0002197","경기 화성시","안녕그린주유소","경기 화성시 효행로 852 (안녕동)","2025년 09월","SK에너지","셀프","0.00","1705.00","1585.00","0.00"
"A0002197","경기 화성시","안녕그린주유소","경기 화성시 효행로 852 (안녕동)","2025년 10월","SK에너지","셀프","0.00","1705.00","1585.00","0.00"
"A0002135","경기 화성시","안녕주유소","경기도 화성시 만년로 921","2025년 09월","S-OIL","일반","0.00","1644.00","1498.33","1600.00"
"A0002135","경기 화성시","안녕주유소","경기도 화성시 만년로 921","2025년 10월","S-OIL","일반","0.00","1649.03","1538.71","1600.00"
"A0002623","경기 화성시","에스제이오일(주) 샤인주유소","경기 화성시 경기동로 527","2025년 09월","GS칼텍스","셀프","0.00","1654.00","1499.00","1350.00"
"A0002623","경기 화성시","에스제이오일(주) 샤인주유소","경기 화성시 경기동로 527","2025년 10월","GS칼텍스","셀프","0.00","1650.13","1499.97","1350.00"
"A0002662","경기 화성시","에스제이오일㈜ 빅토리주유소","경기 화성시 향남읍 발안로 206","2025년 09월","GS칼텍스","셀프","0.00","1654.00","1499.00","1375.00"
"A0002662","경기 화성시","에스제이오일㈜ 빅토리주유소","경기 화성시 향남읍 발안로 206","2025년 10월","GS칼텍스","셀프","0.00","1654.00","1501.74","1350.00"
"A0033532","경기 화성시","에이치제이에너지주유소","경기 화성시 팔탄면 시청로 567","2025년 09월","GS칼텍스","셀프","1918.00","1617.57","1479.67","1400.00"
"A0033532","경기 화성시","에이치제이에너지주유소","경기 화성시 팔탄면 시청로 567","2025년 10월","GS칼텍스","셀프","1907.68","1615.68","1477.10","1329.03"
"A0008756","경기 화성시","엠케이주유소","경기 화성시 삼성1로 342 (반월동)","2025년 09월","HD현대오일뱅크","셀프","0.00","1628.00","1498.00","0.00"
"A0008756","경기 화성시","엠케이주유소","경기 화성시 삼성1로 342 (반월동)","2025년 10월","HD현대오일뱅크","셀프","0.00","1631.58","1503.52","0.00"
"A0002159","경기 화성시","역구내주유소","경기 화성시 비봉면 양노로 14","2025년 09월","SK에너지","일반","0.00","1695.00","1575.00","1250.00"
"A0002159","경기 화성시","역구내주유소","경기 화성시 비봉면 양노로 14","2025년 10월","SK에너지","일반","0.00","1695.00","1575.00","1250.00"
"A0002284","경기 화성시","연구단지주유소","경기 화성시 남양읍 남양로 361","2025년 09월","HD현대오일뱅크","셀프","0.00","1659.00","1527.67","1400.00"
"A0002284","경기 화성시","연구단지주유소","경기 화성시 남양읍 남양로 361","2025년 10월","HD현대오일뱅크","셀프","0.00","1659.00","1528.35","1400.00"
"A0002479","경기 화성시","연구소주유소","경기 화성시 남양읍 현대기아로 240","2025년 09월","HD현대오일뱅크","일반","0.00","1758.00","1674.50","1450.00"
"A0002479","경기 화성시","연구소주유소","경기 화성시 남양읍 현대기아로 240","2025년 10월","HD현대오일뱅크","일반","0.00","1758.00","1687.42","1444.64"
"A0008931","경기 화성시","영신주유소","경기 화성시 양감면 서해로 135","2025년 09월","HD현대오일뱅크","일반","0.00","1765.67","1616.33","1490.00"
"A0008931","경기 화성시","영신주유소","경기 화성시 양감면 서해로 135","2025년 10월","HD현대오일뱅크","일반","0.00","1785.77","1638.68","1490.00"
"A0017620","경기 화성시","오일리더 남양지점","경기 화성시 남양성지로 17","2025년 09월","자가상표","셀프","0.00","1629.33","1449.13","0.00"
"A0017620","경기 화성시","오일리더 남양지점","경기 화성시 남양성지로 17","2025년 10월","자가상표","셀프","0.00","1638.35","1481.13","0.00"
"A0004740","경기 화성시","오일필드(주)경기지점","경기 화성시 향남읍 발안로 341","2025년 09월","HD현대오일뱅크","셀프","1874.27","1586.70","1457.53","0.00"
"A0004740","경기 화성시","오일필드(주)경기지점","경기 화성시 향남읍 발안로 341","2025년 10월","HD현대오일뱅크","셀프","1887.39","1608.77","1487.16","0.00"
"A0002322","경기 화성시","우리주유소","경기 화성시 봉담읍 효행로 311","2025년 09월","GS칼텍스","일반","1915.00","1600.00","1459.00","1320.00"
"A0002322","경기 화성시","우리주유소","경기 화성시 봉담읍 효행로 311","2025년 10월","GS칼텍스","일반","1915.00","1612.58","1502.13","1320.00"
"A0002342","경기 화성시","원더우먼주유소","경기 화성시 우정읍 포승향남로 1106","2025년 09월","알뜰주유소","셀프","0.00","1591.77","1457.63","0.00"
"A0002342","경기 화성시","원더우먼주유소","경기 화성시 우정읍 포승향남로 1106","2025년 10월","알뜰주유소","셀프","0.00","1606.26","1471.16","0.00"
"A0002282","경기 화성시","원평주유소","경기 화성시 매송면 화성로 2415","2025년 09월","S-OIL","셀프","0.00","1695.00","1595.00","0.00"
"A0002282","경기 화성시","원평주유소","경기 화성시 매송면 화성로 2415","2025년 10월","S-OIL","셀프","0.00","1695.00","1595.00","0.00"
"A0008959","경기 화성시","유림주유소","경기 화성시 향남읍 서봉로 586","2025년 09월","SK에너지","일반","0.00","1815.00","1685.00","1650.00"
"A0008959","경기 화성시","유림주유소","경기 화성시 향남읍 서봉로 586","2025년 10월","SK에너지","일반","0.00","1816.29","1685.32","1650.00"
"A0007213","경기 화성시","육일주유소","경기 화성시 송산면 당성로 523","2025년 09월","SK에너지","일반","0.00","1768.00","1628.00","1300.00"
"A0007213","경기 화성시","육일주유소","경기 화성시 송산면 당성로 523","2025년 10월","SK에너지","일반","0.00","1768.00","1628.00","1281.61"
"A0002253","경기 화성시","융건릉주유소","경기 화성시 효행로 458 (안녕동)","2025년 09월","SK에너지","셀프","0.00","1615.27","1486.33","0.00"
"A0002253","경기 화성시","융건릉주유소","경기 화성시 효행로 458 (안녕동)","2025년 10월","SK에너지","셀프","0.00","1620.94","1507.45","0.00"
"A0002494","경기 화성시","이케이에너지㈜ 광차주유소","경기 화성시 팔탄면 서해로 1266","2025년 09월","HD현대오일뱅크","셀프","0.00","1599.00","1447.00","0.00"
"A0002494","경기 화성시","이케이에너지㈜ 광차주유소","경기 화성시 팔탄면 서해로 1266","2025년 10월","HD현대오일뱅크","셀프","0.00","1599.00","1449.90","0.00"
"A0008993","경기 화성시","이케이에너지㈜ 화성주유소","경기 화성시 남양읍 화성로 995","2025년 09월","HD현대오일뱅크","셀프","0.00","1587.00","1447.00","0.00"
"A0008993","경기 화성시","이케이에너지㈜ 화성주유소","경기 화성시 남양읍 화성로 995","2025년 10월","HD현대오일뱅크","셀프","0.00","1597.97","1465.39","0.00"
"A0009774","경기 화성시","이화셀프주유소","경기 화성시 비봉면 푸른들판로 1401","2025년 09월","S-OIL","셀프","0.00","1620.23","1475.00","0.00"
"A0009774","경기 화성시","이화셀프주유소","경기 화성시 비봉면 푸른들판로 1401","2025년 10월","S-OIL","셀프","0.00","1646.06","1525.77","0.00"
"A0002233","경기 화성시","자안주유소","경기 화성시 비봉면 푸른들판로 1116","2025년 09월","HD현대오일뱅크","일반","0.00","1669.00","1529.00","1300.00"
"A0002233","경기 화성시","자안주유소","경기 화성시 비봉면 푸른들판로 1116","2025년 10월","HD현대오일뱅크","일반","0.00","1669.00","1538.03","1300.00"
"A0009004","경기 화성시","자유에너지(주) 남양타운주유소","경기 화성시 남양읍 주석로 54","2025년 09월","HD현대오일뱅크","셀프","0.00","1623.07","1498.57","0.00"
"A0009004","경기 화성시","자유에너지(주) 남양타운주유소","경기 화성시 남양읍 주석로 54","2025년 10월","HD현대오일뱅크","셀프","0.00","1612.13","1509.97","0.00"
"A0032719","경기 화성시","자유에너지(주) 행운주유소","경기도 화성시 봉담읍 효행로 268 (봉담읍)","2025년 09월","HD현대오일뱅크","셀프","0.00","1623.07","1498.57","0.00"
"A0032719","경기 화성시","자유에너지(주) 행운주유소","경기도 화성시 봉담읍 효행로 268 (봉담읍)","2025년 10월","HD현대오일뱅크","셀프","0.00","1611.81","1509.97","0.00"
"A0008991","경기 화성시","장수주유소","경기 화성시 장안면 3.1만세로 480","2025년 09월","GS칼텍스","일반","0.00","1678.00","1534.00","1390.00"
"A0008991","경기 화성시","장수주유소","경기 화성시 장안면 3.1만세로 480","2025년 10월","GS칼텍스","일반","0.00","1678.00","1547.00","1388.57"
"A0033211","경기 화성시","장지IC주유소","경기 화성시 경기동로 378 (장지동)","2025년 09월","S-OIL","셀프","0.00","1618.67","1475.00","0.00"
"A0033211","경기 화성시","장지IC주유소","경기 화성시 경기동로 378 (장지동)","2025년 10월","S-OIL","셀프","0.00","1616.58","1479.84","0.00"
"A0007409","경기 화성시","저녁노을주유소","경기 화성시 동탄지성로 388","2025년 09월","S-OIL","일반","0.00","1668.00","1528.00","1450.00"
"A0007409","경기 화성시","저녁노을주유소","경기 화성시 동탄지성로 388","2025년 10월","S-OIL","일반","0.00","1668.65","1538.00","1450.00"
"A0002694","경기 화성시","전국배달 현명주유소","경기 화성시 비봉면 양노로 155","2025년 09월","알뜰주유소","셀프","0.00","1622.50","1476.67","1190.00"
"A0002694","경기 화성시","전국배달 현명주유소","경기 화성시 비봉면 양노로 155","2025년 10월","알뜰주유소","셀프","0.00","1636.29","1488.23","1193.87"
"A0008928","경기 화성시","정남IC주유소","경기 화성시 정남면 세자로 68","2025년 09월","S-OIL","셀프","0.00","1698.00","1548.00","1500.00"
"A0008928","경기 화성시","정남IC주유소","경기 화성시 정남면 세자로 68","2025년 10월","S-OIL","셀프","0.00","1698.00","1548.00","1500.00"
"A0002546","경기 화성시","정남농협주유소","경기 화성시 정남면 만년로 552","2025년 09월","NH-OIL","일반","0.00","1623.33","1489.33","1280.00"
"A0002546","경기 화성시","정남농협주유소","경기 화성시 정남면 만년로 552","2025년 10월","NH-OIL","일반","0.00","1632.32","1509.84","1280.00"
"A0009017","경기 화성시","정남제일주유소","경기 화성시 정남면 만년로 354","2025년 09월","HD현대오일뱅크","일반","0.00","1641.00","1501.00","0.00"
"A0009017","경기 화성시","정남제일주유소","경기 화성시 정남면 만년로 354","2025년 10월","HD현대오일뱅크","일반","0.00","1660.74","1530.74","1460.77"
"A0002155","경기 화성시","정남주유소","경기 화성시 정남면 괘랑1길 1-6","2025년 09월","S-OIL","일반","0.00","1735.00","1548.00","1550.00"
"A0002155","경기 화성시","정남주유소","경기 화성시 정남면 괘랑1길 1-6","2025년 10월","S-OIL","일반","0.00","1735.00","1548.00","1550.00"
"A0002424","경기 화성시","정문주유소","경기 화성시 양감면 정문회화로 239","2025년 09월","SK에너지","일반","0.00","1689.00","1571.67","1350.00"
"A0002424","경기 화성시","정문주유소","경기 화성시 양감면 정문회화로 239","2025년 10월","SK에너지","일반","0.00","1687.71","1568.52","1350.00"
"A0002400","경기 화성시","조형주유소","경기 화성시 우정읍 버들로 94","2025년 09월","S-OIL","셀프","0.00","1659.00","1529.00","1217.33"
"A0002400","경기 화성시","조형주유소","경기 화성시 우정읍 버들로 94","2025년 10월","S-OIL","셀프","0.00","1661.06","1533.65","1203.87"
"A0033105","경기 화성시","주석self주유소","경기 화성시 남양읍 주석로 79","2025년 09월","S-OIL","셀프","1918.00","1668.00","1528.00","0.00"
"A0033105","경기 화성시","주석self주유소","경기 화성시 남양읍 주석로 79","2025년 10월","S-OIL","셀프","1918.00","1668.00","1538.32","1390.00"
"A0033760","경기 화성시","주식회사 대원카고 앤 에너지","경기 화성시 봉담읍 매봉로 222","2025년 09월","SK에너지","셀프","0.00","1638.00","1502.93","0.00"
"A0033760","경기 화성시","주식회사 대원카고 앤 에너지","경기 화성시 봉담읍 매봉로 222","2025년 10월","SK에너지","셀프","0.00","1638.34","1502.93","0.00"
"A0002260","경기 화성시","주식회사 성인석유 거창주유소","경기 화성시 팔탄면 마당바위로 113","2025년 09월","HD현대오일뱅크","셀프","0.00","1599.10","1493.67","1300.00"
"A0002260","경기 화성시","주식회사 성인석유 거창주유소","경기 화성시 팔탄면 마당바위로 113","2025년 10월","HD현대오일뱅크","셀프","0.00","1599.00","1479.90","1300.00"
"A0002041","경기 화성시","주식회사 팔탄","경기 화성시 팔탄면 푸른들판로 603","2025년 09월","S-OIL","셀프","0.00","1675.00","1555.00","1450.00"
"A0002041","경기 화성시","주식회사 팔탄","경기 화성시 팔탄면 푸른들판로 603","2025년 10월","S-OIL","셀프","0.00","1676.94","1556.94","1450.00"
"A0008939","경기 화성시","주식회사청우에너지","경기 화성시 팔탄면 서해로 1409-9","2025년 09월","SK에너지","셀프","0.00","1612.67","1471.67","1415.00"
"A0008939","경기 화성시","주식회사청우에너지","경기 화성시 팔탄면 서해로 1409-9","2025년 10월","SK에너지","셀프","0.00","1615.90","1482.74","1400.00"
"A0006840","경기 화성시","주은에너지","경기 화성시 정남면 가장로 319","2025년 09월","SK에너지","일반","0.00","1675.00","1506.00","0.00"
"A0006840","경기 화성시","주은에너지","경기 화성시 정남면 가장로 319","2025년 10월","SK에너지","일반","0.00","1675.00","1532.97","0.00"
"A0002055","경기 화성시","지성주유소","경기 화성시 마도면 화성로 726","2025년 09월","SK에너지","셀프","0.00","1635.67","1495.67","1250.00"
"A0002055","경기 화성시","지성주유소","경기 화성시 마도면 화성로 726","2025년 10월","SK에너지","셀프","0.00","1641.77","1507.58","1251.29"
"A0002389","경기 화성시","지에스칼텍스(주) 동탄푸른숲주유소","경기 화성시 여울로 114","2025년 09월","GS칼텍스","셀프","0.00","1688.00","1630.33","0.00"
"A0002389","경기 화성시","지에스칼텍스(주) 동탄푸른숲주유소","경기 화성시 여울로 114","2025년 10월","GS칼텍스","셀프","0.00","1703.16","1654.48","0.00"
"A0007412","경기 화성시","지에스칼텍스(주)동탄신도시주유소","경기 화성시 효행로 1293","2025년 09월","GS칼텍스","셀프","1908.40","1666.20","1630.33","0.00"
"A0007412","경기 화성시","지에스칼텍스(주)동탄신도시주유소","경기 화성시 효행로 1293","2025년 10월","GS칼텍스","셀프","1914.16","1693.52","1653.84","0.00"
"A0004191","경기 화성시","지에스칼텍스(주)발안IC주유소","경기 화성시 향남읍 3.1만세로 911","2025년 09월","GS칼텍스","셀프","0.00","1769.00","1548.33","1600.00"
"A0004191","경기 화성시","지에스칼텍스(주)발안IC주유소","경기 화성시 향남읍 3.1만세로 911","2025년 10월","GS칼텍스","셀프","0.00","1784.16","1572.48","1600.00"
"A0008969","경기 화성시","지에스칼텍스(주)캐피탈주유소","경기 화성시 향남읍 발안로 450","2025년 09월","GS칼텍스","셀프","0.00","1772.00","1486.00","1350.00"
"A0008969","경기 화성시","지에스칼텍스(주)캐피탈주유소","경기 화성시 향남읍 발안로 450","2025년 10월","GS칼텍스","셀프","0.00","1790.16","1499.32","1350.00"
"A0032923","경기 화성시","지에스칼텍스㈜동탄2산단주유소","경기 화성시 동탄기흥로 161","2025년 09월","GS칼텍스","셀프","0.00","1632.27","1538.33","0.00"
"A0032923","경기 화성시","지에스칼텍스㈜동탄2산단주유소","경기 화성시 동탄기흥로 161","2025년 10월","GS칼텍스","셀프","0.00","1637.26","1562.39","0.00"
"A0002611","경기 화성시","진현에너지 해오름지점","경기 화성시 팔탄면 서해로 833","2025년 09월","HD현대오일뱅크","셀프","1949.00","1639.00","1489.00","1564.48"
"A0002611","경기 화성시","진현에너지 해오름지점","경기 화성시 팔탄면 서해로 833","2025년 10월","HD현대오일뱅크","셀프","1949.00","1639.32","1496.19","1570.00"
"A0002181","경기 화성시","차사랑주유소","경기 화성시 우정읍 남양만로 565","2025년 09월","HD현대오일뱅크","일반","0.00","1698.67","1597.67","1250.00"
"A0002181","경기 화성시","차사랑주유소","경기 화성시 우정읍 남양만로 565","2025년 10월","HD현대오일뱅크","일반","0.00","1697.03","1596.06","1250.00"
"A0002028","경기 화성시","창곡주유소","경기 화성시 팔탄면 푸른들판로 744","2025년 09월","GS칼텍스","일반","0.00","1759.00","1655.67","1500.00"
"A0002028","경기 화성시","창곡주유소","경기 화성시 팔탄면 푸른들판로 744","2025년 10월","GS칼텍스","일반","0.00","1760.29","1660.29","1500.00"
"A0008972","경기 화성시","청강신리주유소","경기 화성시 정남면 만년로 391","2025년 09월","GS칼텍스","셀프","0.00","1675.00","1538.90","1450.00"
"A0008972","경기 화성시","청강신리주유소","경기 화성시 정남면 만년로 391","2025년 10월","GS칼텍스","셀프","0.00","1675.71","1539.68","1450.00"
"A0008924","경기 화성시","케이아이에스정보통신㈜ 봉담주유소","경기 화성시 봉담읍 동화역말길 63","2025년 09월","S-OIL","셀프","1915.00","1620.33","1487.53","0.00"
"A0008924","경기 화성시","케이아이에스정보통신㈜ 봉담주유소","경기 화성시 봉담읍 동화역말길 63","2025년 10월","S-OIL","셀프","1915.00","1618.87","1505.65","0.00"
"A0002577","경기 화성시","케이와이에너지(주)남양주유소충전소","경기 화성시 남양읍 화성로 1412","2025년 09월","HD현대오일뱅크","일반","0.00","1620.00","1481.67","0.00"
"A0002577","경기 화성시","케이와이에너지(주)남양주유소충전소","경기 화성시 남양읍 화성로 1412","2025년 10월","HD현대오일뱅크","일반","0.00","1617.97","1487.97","1600.00"
"A0032949","경기 화성시","코끼리주유소","경기 화성시 마도면 화성로 909","2025년 09월","SK에너지","셀프","0.00","1635.00","1495.00","1313.64"
"A0032949","경기 화성시","코끼리주유소","경기 화성시 마도면 화성로 909","2025년 10월","SK에너지","셀프","0.00","1638.23","1500.81","1301.43"
"A0002347","경기 화성시","탑주유소","경기 화성시 우정읍 기아자동차로 703-1","2025년 09월","GS칼텍스","셀프","0.00","1639.53","1502.60","1230.00"
"A0002347","경기 화성시","탑주유소","경기 화성시 우정읍 기아자동차로 703-1","2025년 10월","GS칼텍스","셀프","0.00","1675.13","1499.00","1230.00"
"A0033632","경기 화성시","태물주유소","경기 화성시 남양읍 남양로 651","2025년 09월","알뜰주유소","셀프","0.00","1599.20","1467.70","0.00"
"A0033632","경기 화성시","태물주유소","경기 화성시 남양읍 남양로 651","2025년 10월","알뜰주유소","셀프","0.00","1604.74","1478.10","0.00"
"A0005663","경기 화성시","푸른하늘주유소","경기 화성시 정남면 정남동로 145","2025년 09월","HD현대오일뱅크","일반","0.00","1677.00","1557.00","1450.00"
"A0005663","경기 화성시","푸른하늘주유소","경기 화성시 정남면 정남동로 145","2025년 10월","HD현대오일뱅크","일반","0.00","1677.00","1557.00","1450.00"
"A0008989","경기 화성시","푸른현대주유소","경기 화성시 남양읍 주석로 304","2025년 09월","HD현대오일뱅크","셀프","0.00","1617.00","1477.00","0.00"
"A0008989","경기 화성시","푸른현대주유소","경기 화성시 남양읍 주석로 304","2025년 10월","HD현대오일뱅크","셀프","0.00","1618.48","1485.90","0.00"
"A0002371","경기 화성시","풍년주유소","경기 화성시 우정읍 포승향남로 1420","2025년 09월","HD현대오일뱅크","일반","0.00","1699.00","1595.67","0.00"
"A0002371","경기 화성시","풍년주유소","경기 화성시 우정읍 포승향남로 1420","2025년 10월","HD현대오일뱅크","일반","0.00","1699.00","1588.68","1350.00"
"A0002659","경기 화성시","하늘에너지㈜송산마도IC주유소충전소","경기 화성시 송산면 화성로 618","2025년 09월","GS칼텍스","셀프","1934.00","1634.00","1474.00","1430.00"
"A0002659","경기 화성시","하늘에너지㈜송산마도IC주유소충전소","경기 화성시 송산면 화성로 618","2025년 10월","GS칼텍스","셀프","1934.00","1636.58","1476.58","1423.60"
"A0002348","경기 화성시","한민족주유소","경기 화성시 향남읍 푸른들판로 324-6","2025년 09월","GS칼텍스","셀프","0.00","1629.00","1517.33","1350.00"
"A0002348","경기 화성시","한민족주유소","경기 화성시 향남읍 푸른들판로 324-6","2025년 10월","GS칼텍스","셀프","0.00","1629.00","1513.52","1350.00"
"A0008946","경기 화성시","한얼에너지","경기 화성시 남양읍 화성로 1244","2025년 09월","GS칼텍스","일반","0.00","1777.00","1647.00","0.00"
"A0008946","경기 화성시","한얼에너지","경기 화성시 남양읍 화성로 1244","2025년 10월","GS칼텍스","일반","0.00","1760.55","1634.74","0.00"
"A0002658","경기 화성시","해뜨는주유소","경기 화성시 경기동로 516","2025년 09월","HD현대오일뱅크","일반","0.00","1798.00","1624.00","1350.00"
"A0002658","경기 화성시","해뜨는주유소","경기 화성시 경기동로 516","2025년 10월","HD현대오일뱅크","일반","0.00","1798.00","1624.93","0.00"
"A0002124","경기 화성시","해양산업단지주유소","경기 화성시 서신면 전곡항로 382","2025년 09월","HD현대오일뱅크","일반","0.00","1667.00","1530.23","1200.00"
"A0002124","경기 화성시","해양산업단지주유소","경기 화성시 서신면 전곡항로 382","2025년 10월","HD현대오일뱅크","일반","0.00","1667.00","1541.77","1200.00"
"A0001569","경기 화성시","행정타운오일뱅크","경기 화성시 남양읍 시청로 275","2025년 09월","HD현대오일뱅크","셀프","1926.33","1623.33","1495.33","1400.00"
"A0001569","경기 화성시","행정타운오일뱅크","경기 화성시 남양읍 시청로 275","2025년 10월","HD현대오일뱅크","셀프","1919.29","1633.48","1502.19","1366.13"
"A0002427","경기 화성시","향남TG주유소","경기 화성시 향남읍 만년로 24","2025년 09월","HD현대오일뱅크","일반","0.00","1641.33","1501.00","0.00"
"A0002427","경기 화성시","향남TG주유소","경기 화성시 향남읍 만년로 24","2025년 10월","HD현대오일뱅크","일반","0.00","1660.74","1531.06","1450.00"
"A0000329","경기 화성시","향남신도시주유소","경기 화성시 향남읍 발안로 199","2025년 09월","SK에너지","일반","0.00","1699.00","1571.67","0.00"
"A0000329","경기 화성시","향남신도시주유소","경기 화성시 향남읍 발안로 199","2025년 10월","SK에너지","일반","0.00","1699.00","1570.29","1424.29"
"A0033173","경기 화성시","현대셀프주유소","경기 화성시 매송면 매송로 283","2025년 09월","HD현대오일뱅크","셀프","0.00","1609.00","1469.00","1400.00"
"A0033173","경기 화성시","현대셀프주유소","경기 화성시 매송면 매송로 283","2025년 10월","HD현대오일뱅크","셀프","0.00","1618.68","1481.90","1400.00"
"A0002565","경기 화성시","현대오일뱅크㈜직영 효행로셀프주유소","경기 화성시 효행로 767 (안녕동)","2025년 09월","HD현대오일뱅크","셀프","0.00","1637.67","1582.60","0.00"
"A0002565","경기 화성시","현대오일뱅크㈜직영 효행로셀프주유소","경기 화성시 효행로 767 (안녕동)","2025년 10월","HD현대오일뱅크","셀프","0.00","1642.33","1584.00","0.00"
"A0002127","경기 화성시","현대주유소","경기 화성시 비봉면 푸른들판로 1023","2025년 09월","SK에너지","일반","0.00","1739.00","1599.00","0.00"
"A0002127","경기 화성시","현대주유소","경기 화성시 비봉면 푸른들판로 1023","2025년 10월","SK에너지","일반","0.00","1739.00","1599.00","1450.00"
"A0009444","경기 화성시","형제주유소","경기도 화성시 정남면 서봉로 1081 (정남면)","2025년 09월","S-OIL","셀프","0.00","1621.00","1458.00","0.00"
"A0009444","경기 화성시","형제주유소","경기도 화성시 정남면 서봉로 1081 (정남면)","2025년 10월","S-OIL","셀프","0.00","1638.87","1482.55","0.00"
"A0009020","경기 화성시","혜성주유소","경기 화성시 팔탄면 서해로 1271","2025년 09월","S-OIL","셀프","0.00","1628.67","1488.27","0.00"
"A0009020","경기 화성시","혜성주유소","경기 화성시 팔탄면 서해로 1271","2025년 10월","S-OIL","셀프","0.00","1645.71","1507.00","1700.00"
"A0008921","경기 화성시","호성주유소","경기 화성시 남양읍 무하로 124","2025년 09월","SK에너지","일반","0.00","1625.00","1495.00","1403.45"
"A0008921","경기 화성시","호성주유소","경기 화성시 남양읍 무하로 124","2025년 10월","SK에너지","일반","0.00","1641.13","1506.29","1404.84"
"A0008997","경기 화성시","화성골드주유소 (주)기정에너지","경기 화성시 남양읍 화성로 1267","2025년 09월","GS칼텍스","셀프","1898.00","1587.00","1447.00","0.00"
"A0008997","경기 화성시","화성골드주유소 (주)기정에너지","경기 화성시 남양읍 화성로 1267","2025년 10월","GS칼텍스","셀프","1898.00","1597.58","1473.32","0.00"
"A0012318","경기 화성시","화성뉴시티주유소","경기 화성시 남양읍 화성로 1286","2025년 09월","S-OIL","일반","0.00","1634.67","1496.00","0.00"
"A0012318","경기 화성시","화성뉴시티주유소","경기 화성시 남양읍 화성로 1286","2025년 10월","S-OIL","일반","0.00","1648.94","1509.58","0.00"
"A0002410","경기 화성시","화성크린주유소","경기 화성시 송산면 화성로 288","2025년 09월","S-OIL","셀프","0.00","1677.00","1543.67","1427.00"
"A0002410","경기 화성시","화성크린주유소","경기 화성시 송산면 화성로 288","2025년 10월","S-OIL","셀프","0.00","1677.00","1542.81","1427.00"
"A0008936","경기 화성시","효진주유소","경기 화성시 향남읍 서봉로 713","2025년 09월","HD현대오일뱅크","셀프","1940.00","1588.43","1467.87","1400.00"
"A0008936","경기 화성시","효진주유소","경기 화성시 향남읍 서봉로 713","2025년 10월","HD현대오일뱅크","셀프","1940.00","1616.29","1486.29","1400.00"
"A0002016","경기 화성시","휴게주유소","경기 화성시 서신면 전곡항로 190","2025년 09월","GS칼텍스","일반","0.00","1667.00","1523.00","1200.00"
"A0002016","경기 화성시","휴게주유소","경기 화성시 서신면 전곡항로 190","2025년 10월","GS칼텍스","일반","0.00","1667.06","1522.19","1198.39"
"A0002165","경기 화성시","흥아주유소","경기 화성시 향남읍 서해로 553","2025년 09월","SK에너지","셀프","0.00","1648.33","1501.00","1350.00"
"A0002165","경기 화성시","흥아주유소","경기 화성시 향남읍 서해로 553","2025년 10월","SK에너지","셀프","0.00","1630.94","1505.77","1353.23"
"A0033684","경기 화성시","희망주유소","경기 화성시 봉담읍 삼천병마로 649","2025년 09월","HD현대오일뱅크","셀프","0.00","1598.00","1470.00","1280.00"
"A0033684","경기 화성시","희망주유소","경기 화성시 봉담읍 삼천병마로 649","2025년 10월","HD현대오일뱅크","셀프","0.00","1608.00","1480.42","1280.00"
